Debt to Equity,ROE,ROI,Cash From Ops,Actual,Predicted,Correct
2.198967720371775,-0.0165319003972284,-0.005208122403026,7484000.0,Growth,Stability,False
2.3186837953572232,0.068289384719405,0.0214482905075387,118000000.0,Growth,Stability,False
0.4218816713861563,-0.0014787295998108,-0.0010990912620945,938471.0,Growth,Stability,False
5.816293765002011,-1.5356546299427287,-0.245479965756519,-10390620.0,Growth,Decline,False
